{
"lengthUnit": "mil",
"components": {
	"fields": ["COMPONENT_NO", "COMPONENT_NAME", "LAYER", "X_COORDINATE", "Y_COORDINATE", "ANGLE"],
	"rows": [
		[1, "AMS 1117 3.3", "B", -95, 175, 0],
		[2, "BOOT", "B", -470, -120, 0],
		[3, "C3 100uF", "T", -153.53, 317.21, 0],
		[4, "C4 10uF", "T", -41.07, 137.21, 90],
		[5, "ELRS", "T", -795, 80, 270],
		[6, "ESC", "T", 100, -50, 270],
		[7, "L1", "T", -510, 75, 270],
		[8, "LED", "B", -515, 380, 0],
		[9, "R1_330", "B", -315, 175, 270],
		[10, "R2 330", "T", -225, 0, 270],
		[11, "R3_330", "B", -395, 175, 270],
		[12, "R4_330", "B", -470, 175, 270],
		[13, "R5_330", "B", -580, 180, 270],
		[14, "R6_330", "B", -670, 180, 270],
		[15, "R7", "B", -640, 60, 90],
		[16, "Servo", "T", 110, 315, 270],
		[17, "PAD1", "T", -230, 410, 0],
		[18, "PAD2", "T", -160, 410, 0],
		[19, "PAD3", "T", -90, 410, 0],
		[20, "PAD4", "T", -20, 410, 0],
		[21, "PAD5", "T", -820, 410, 0]
	]
},
"pins": {
	"fields": ["PIN_NO", "PIN_NAME", "PIN_X", "PIN_Y", "LAYER", "PIN_TYPE", "NET_NAME", "NET_TYPE", "PAD_SHAPE", "PAD_SIZEX", "PAD_SIZEY", "HOLE_SIZE", "PAD_ANGLE"],
	"rows": [
		[1, "AMS 1117 3.3_1", -185.5, 298.05, "B", "SMD", "GND", "GND", "R", 43.3, 86.6, 0, 0],
		[2, "AMS 1117 3.3_2", -95, 298.05, "B", "SMD", "+3.3V", "", "R", 43.3, 86.6, 0, 0],
		[3, "AMS 1117 3.3_3", -4.4, 298.05, "B", "SMD", "VCC", "", "R", 43.3, 86.6, 0, 0],
		[4, "AMS 1117 3.3_4", -95, 54.05, "B", "SMD", "AMS 1117 3.3_4", "", "R", 86.6, 137.8, 0, 90],
		[5, "BOOT_1", -627.48, -120, "B", "SMD", "$1N765", "", "R", 74.8, 59.05, 0, 0],
		[6, "BOOT_2", -312.52, -120, "B", "SMD", "GND", "GND", "R", 74.8, 59.05, 0, 0],
		[7, "C3 100uF_1", -216.23, 317.21, "T", "SMD", "GND", "GND", "R", 58.47, 68.03, 0, 0],
		[8, "C3 100uF_2", -90.83, 317.21, "T", "SMD", "+3.3V", "", "R", 58.47, 68.03, 0, 0],
		[9, "C4 10uF_1", -41.07, 74.51, "T", "SMD", "GND", "GND", "R", 58.47, 68.03, 0, 90],
		[10, "C4 10uF_2", -41.07, 199.91, "T", "SMD", "VCC", "", "R", 58.47, 68.03, 0, 90],
		[11, "ELRS_1", -795, 230, "T", "DIP", "GND", "GND", "R", 66.93, 66.93, 43.31, 270],
		[12, "ELRS_1", -795, 230, "B", "DIP", "GND", "GND", "R", 66.93, 66.93, 43.31, 270],
		[13, "ELRS_2", -795, 130, "T", "DIP", "VCC", "", "C", 66.93, 66.93, 43.31, 270],
		[14, "ELRS_2", -795, 130, "B", "DIP", "VCC", "", "C", 66.93, 66.93, 43.31, 270],
		[15, "ELRS_3", -795, 30, "T", "DIP", "$1N1048", "", "C", 66.93, 66.93, 43.31, 270],
		[16, "ELRS_3", -795, 30, "B", "DIP", "$1N1048", "", "C", 66.93, 66.93, 43.31, 270],
		[17, "ELRS_4", -795, -70, "T", "DIP", "$1N2912", "", "C", 66.93, 66.93, 43.31, 270],
		[18, "ELRS_4", -795, -70, "B", "DIP", "$1N2912", "", "C", 66.93, 66.93, 43.31, 270],
		[19, "ESC_1", 100, -0.79, "T", "DIP", "GND", "GND", "R", 35.43, 59.05, 27.56, 270],
		[20, "ESC_1", 100, -0.79, "B", "DIP", "GND", "GND", "R", 35.43, 59.05, 27.56, 270],
		[21, "ESC_2", 100, -50, "T", "DIP", "VCC", "", "O", 35.43, 59.05, 27.56, 270],
		[22, "ESC_2", 100, -50, "B", "DIP", "VCC", "", "O", 35.43, 59.05, 27.56, 270],
		[23, "ESC_3", 100, -99.22, "T", "DIP", "$1N2940", "", "O", 35.43, 59.05, 27.56, 270],
		[24, "ESC_3", 100, -99.22, "B", "DIP", "$1N2940", "", "O", 35.43, 59.05, 27.56, 270],
		[25, "L1_1", -336.77, 269.88, "T", "SMD", "L1_1", "", "R", 59.05, 31.5, 0, 270],
		[26, "L1_2", -380.07, 269.88, "T", "SMD", "GND", "GND", "R", 59.05, 31.5, 0, 270],
		[27, "L1_3", -423.38, 269.88, "T", "SMD", "L1_3", "", "R", 59.05, 31.5, 0, 270],
		[28, "L1_4", -466.69, 269.88, "T", "SMD", "L1_4", "", "R", 59.05, 31.5, 0, 270],
		[29, "L1_5", -510, 269.88, "T", "SMD", "$1N609", "", "R", 59.05, 31.5, 0, 270],
		[30, "L1_6", -553.3, 269.88, "T", "SMD", "$1N1259", "", "R", 59.05, 31.5, 0, 270],
		[31, "L1_7", -596.61, 269.88, "T", "SMD", "$1N1265", "", "R", 59.05, 31.5, 0, 270],
		[32, "L1_8", -639.92, 269.88, "T", "SMD", "$1N1272", "", "R", 59.05, 31.5, 0, 270],
		[33, "L1_9", -683.22, 269.88, "T", "SMD", "$1N1303", "", "R", 59.05, 31.5, 0, 270],
		[34, "L1_10", -683.22, -119.88, "T", "SMD", "L1_10", "", "R", 59.05, 31.5, 0, 90],
		[35, "L1_11", -639.92, -119.88, "T", "SMD", "$1N765", "", "R", 59.05, 31.5, 0, 90],
		[36, "L1_12", -596.61, -119.88, "T", "SMD", "$1N2940", "", "R", 59.05, 31.5, 0, 90],
		[37, "L1_13", -553.31, -119.88, "T", "SMD", "$1N1750", "", "R", 59.05, 31.5, 0, 90],
		[38, "L1_14", -509.99, -119.88, "T", "SMD", "$1N1048", "", "R", 59.05, 31.5, 0, 90],
		[39, "L1_15", -466.69, -119.88, "T", "SMD", "$1N2912", "", "R", 59.05, 31.5, 0, 90],
		[40, "L1_16", -423.38, -119.88, "T", "SMD", "L1_16", "", "R", 59.05, 31.5, 0, 90],
		[41, "L1_17", -380.08, -119.88, "T", "SMD", "+3.3V", "", "R", 59.05, 31.5, 0, 90],
		[42, "L1_18", -336.77, -119.88, "T", "SMD", "GND", "GND", "R", 59.05, 31.5, 0, 270],
		[43, "L1_19", -559.21, 57.28, "T", "SMD", "L1_19", "", "R", 157.48, 157.48, 0, 270],
		[44, "LED_1", -715, 380, "T", "DIP", "$1N1853", "", "R", 62, 62, 40.16, 0],
		[45, "LED_1", -715, 380, "B", "DIP", "$1N1853", "", "R", 62, 62, 40.16, 0],
		[46, "LED_2", -615, 380, "T", "DIP", "$1N1845", "", "C", 62, 62, 40.16, 0],
		[47, "LED_2", -615, 380, "B", "DIP", "$1N1845", "", "C", 62, 62, 40.16, 0],
		[48, "LED_3", -515, 380, "T", "DIP", "$1N1838", "", "C", 62, 62, 40.16, 0],
		[49, "LED_3", -515, 380, "B", "DIP", "$1N1838", "", "C", 62, 62, 40.16, 0],
		[50, "LED_4", -415, 380, "T", "DIP", "$1N1831", "", "C", 62, 62, 40.16, 0],
		[51, "LED_4", -415, 380, "B", "DIP", "$1N1831", "", "C", 62, 62, 40.16, 0],
		[52, "LED_5", -315, 380, "T", "DIP", "$1N1826", "", "C", 62, 62, 40.16, 0],
		[53, "LED_5", -315, 380, "B", "DIP", "$1N1826", "", "C", 62, 62, 40.16, 0],
		[54, "R1_330_1", -315, 204.66, "B", "SMD", "$1N1826", "", "R", 31.75, 34.02, 0, 270],
		[55, "R1_330_2", -315, 145.34, "B", "SMD", "$1N609", "", "R", 31.75, 34.02, 0, 270],
		[56, "R2 330_1", -225, 29.66, "T", "SMD", "$1N2912", "", "R", 31.75, 34.02, 0, 270],
		[57, "R2 330_2", -225, -29.66, "T", "SMD", "+3.3V", "", "R", 31.75, 34.02, 0, 270],
		[58, "R3_330_1", -395, 204.66, "B", "SMD", "$1N1831", "", "R", 31.75, 34.02, 0, 270],
		[59, "R3_330_2", -395, 145.34, "B", "SMD", "$1N1259", "", "R", 31.75, 34.02, 0, 270],
		[60, "R4_330_1", -470, 204.66, "B", "SMD", "$1N1838", "", "R", 31.75, 34.02, 0, 270],
		[61, "R4_330_2", -470, 145.34, "B", "SMD", "$1N1265", "", "R", 31.75, 34.02, 0, 270],
		[62, "R5_330_1", -580, 209.66, "B", "SMD", "$1N1845", "", "R", 31.75, 34.02, 0, 270],
		[63, "R5_330_2", -580, 150.34, "B", "SMD", "$1N1272", "", "R", 31.75, 34.02, 0, 270],
		[64, "R6_330_1", -670, 209.66, "B", "SMD", "$1N1853", "", "R", 31.75, 34.02, 0, 270],
		[65, "R6_330_2", -670, 150.34, "B", "SMD", "$1N1303", "", "R", 31.75, 34.02, 0, 270],
		[66, "R7_1", -640, 30.34, "B", "SMD", "GND", "GND", "R", 31.75, 34.02, 0, 90],
		[67, "R7_2", -640, 89.66, "B", "SMD", "$1N1303", "", "R", 31.75, 34.02, 0, 90],
		[68, "Servo_1", 110, 364.22, "T", "DIP", "GND", "GND", "R", 35.43, 59.05, 27.56, 270],
		[69, "Servo_1", 110, 364.22, "B", "DIP", "GND", "GND", "R", 35.43, 59.05, 27.56, 270],
		[70, "Servo_2", 110, 315, "T", "DIP", "VCC", "", "O", 35.43, 59.05, 27.56, 270],
		[71, "Servo_2", 110, 315, "B", "DIP", "VCC", "", "O", 35.43, 59.05, 27.56, 270],
		[72, "Servo_3", 110, 265.78, "T", "DIP", "$1N1750", "", "O", 35.43, 59.05, 27.56, 270],
		[73, "Servo_3", 110, 265.78, "B", "DIP", "$1N1750", "", "O", 35.43, 59.05, 27.56, 270],
		[74, "PAD1_1", -230, 410, "T", "SMD", "GND", "GND", "C", 60, 60, 0, 0],
		[75, "PAD2_2", -160, 410, "T", "SMD", "GND", "GND", "C", 60, 60, 0, 0],
		[76, "PAD3_3", -90, 410, "T", "SMD", "GND", "GND", "C", 60, 60, 0, 0],
		[77, "PAD4_3", -20, 410, "T", "SMD", "GND", "GND", "C", 60, 60, 0, 0],
		[78, "PAD5_3", -820, 410, "T", "SMD", "GND", "GND", "C", 60, 60, 0, 0]
	]
}
}